{"_step":0,"mfu":-100,"lr":0,"train/loss":10.959965705871582,"_timestamp":1.7423638347306414e+09,"_runtime":113.715777778,"_wandb":{"runtime":144},"iter":0,"val/loss":10.959381103515625}