{"iter":37010,"_step":3739,"train/loss":3.27826589345932,"lr":0.000595448617891559,"mfu":33.13042321844464,"train/mfu":30.577243778286256,"_runtime":75863.5533099,"val/loss":3.080521583557129,"train/lr":0.0005954460240671347,"train/time_ms":2068.506956100464,"_timestamp":1.7424855673404224e+09,"_wandb":{"runtime":75863}}