{"iter":27810,"val/loss":3.1149442195892334,"train/time_ms":2579.808473587036,"_timestamp":1.742485542195877e+09,"_runtime":74019.977705534,"train/mfu":24.95863103109891,"train/lr":0.0005975217696989814,"train/loss":3.12724232673645,"_wandb":{"runtime":74043},"_step":2809,"lr":0.0005976746582347852,"mfu":24.894227753589995}